Device_ID,Current,Maximum_Limit,Temperature,Status,Time,Date
SL-001,4.2,10,29,Normal,09:00,2026-09-15
SL-001,5.1,10,31,Normal,09:05,2026-09-15
SL-001,6.3,10,33,Normal,09:10,2026-09-15
SL-001,7.2,10,35,Normal,09:15,2026-09-15
SL-001,8.1,10,37,Warning,09:20,2026-09-15
SL-001,8.7,10,38,Warning,09:25,2026-09-15
SL-001,9.2,10,40,Warning,09:30,2026-09-15
SL-001,9.8,10,42,Warning,09:35,2026-09-15
SL-001,10.0,10,44,Critical,09:40,2026-09-15
SL-001,4.8,10,36,Normal,09:45,2026-09-15
SL-001,6.0,10,34,Normal,09:50,2026-09-15
SL-001,7.5,10,36,Normal,09:55,2026-09-15



